name,followers,popularity,genres,image_url,external_url
Reading Corporation,5,0,[],,https://open.spotify.com/artist/0gR57gQUF1Mmn7h5ZuRIVi
ピアノ Solo Venice,294,15,[],https://i.scdn.co/image/ab67616d00001e02c2859df9e03019c04ce97dfc,https://open.spotify.com/artist/3eGdOrwnehiu1wiUZbtu3k
Ahanu,1128,44,[],https://i.scdn.co/image/ab67616d00001e02c52f7ce882e95a1984cd9702,https://open.spotify.com/artist/1HdSpgnFZUaN6T7q7IlO6v
Adam Ashby,589,0,"['environmental', 'meditation']",https://i.scdn.co/image/ab67616d00001e028c11839af6296db64530aa28,https://open.spotify.com/artist/5F4tRDDqkTLhPUb0bVceWQ
Olson Violin Trio,22,0,[],,https://open.spotify.com/artist/7t4ZK6TcGI2ShI3prMibvd
Mindfit Hypnosis,215,0,"['guidance', 'hypnosis', 'sleep']",,https://open.spotify.com/artist/3SoDsjCsiYnVujqZTQgjA8
Clori Gatti,25,0,[],https://i.scdn.co/image/ab67616d00001e02e2d3e9e14cba344f4df97ed7,https://open.spotify.com/artist/52Tag39Gn1X3kXhzke3LwF
Johann Pachelbel,110860,61,"['baroque', 'classical', 'german baroque']",https://i.scdn.co/image/f100834e66813638e7e8f547def87c32846270d0,https://open.spotify.com/artist/62TD7509VQIxUe4WpwO0s3
APM Symphony Orchestra,134,0,[],https://i.scdn.co/image/ab67616d00001e0292d1b742ab754a424a59949e,https://open.spotify.com/artist/1q7Vgmfh7uFsjICQ3TkCsK
Arr David Force,4,0,[],,https://open.spotify.com/artist/0fGP5IgEMcQg1AW16dqIpB
Valentinstag Klavier Solist,26,1,[],https://i.scdn.co/image/ab67616d00001e02cf7d9c8e25764a20d0b9437c,https://open.spotify.com/artist/0FdYKKBIO152eBuM5bQhXf
Burgmueller,59,0,[],https://i.scdn.co/image/ab67616d00001e02766d1a4bd930a56ef524c400,https://open.spotify.com/artist/6pbCsDeD6VfPrYsIIAXCbt
Kevin Doberstein.,246,12,['environmental'],https://i.scdn.co/image/ab67616d00001e02b20b7bc09a91df97227d72f9,https://open.spotify.com/artist/2MxrlF7oDga1FJQ2r0jmnu
Shakuhachi Sakano,6157,49,"['meditation', 'musica de fondo', 'sleep', 'world meditation']",https://i.scdn.co/image/46d81de05301ec1992205f8eddaf0d4b4c59779c,https://open.spotify.com/artist/2n508mzEccwkxrri4PfgZh
"State Symphony Orchestra ""Classika"" Conductor: Alexander Kantorov",43,0,[],,https://open.spotify.com/artist/4mnHt4Mb2mh4HENnRGoe24
Air and Simple Gifts,137,9,[],https://i.scdn.co/image/ab67616d00001e02b53a5579f9c47da5eb2540b5,https://open.spotify.com/artist/23iVHXY6mePUu9jaNzS4sd
Dr. Karma & Meditation,1319,6,"['erotica', 'meditation']",https://i.scdn.co/image/ab67616d00001e022fb9763558c980ecb497dad3,https://open.spotify.com/artist/6JY7DMkDOcs8fqIQV1o6Eq
Peter Zeugin,219,1,[],https://i.scdn.co/image/ab67616d00001e02813cce2f3a2f50bebb2bd2fa,https://open.spotify.com/artist/452b2o72twySM5rbFSnWWX
Simon Zaoui,29,16,[],https://i.scdn.co/image/4c25f1872ae48e938f08a5f267ec52d409bcc21a,https://open.spotify.com/artist/0y4uFmxQw0WohWEkBuE8gx
Gariel Luna,574,8,['relaxative'],https://i.scdn.co/image/ab67616d00001e02fc4a6eccbd2fec75bb521707,https://open.spotify.com/artist/7tVY637CBVu4k1HgeQcXmD
D12,1577575,68,"['detroit hip hop', 'gangster rap', 'hip hop', 'pop rap', 'rap', 'rap rock']",https://i.scdn.co/image/1e2e08b41628310eec1a4659367513e82243ab4b,https://open.spotify.com/artist/5Qi4Bb7a8C0a00NZcA77L0
Bad Meets Evil,1085690,65,"['detroit hip hop', 'gangster rap', 'hip hop', 'pop rap', 'rap']",https://i.scdn.co/image/4f153c72bff6dccba21ffd360fc308f268a23659,https://open.spotify.com/artist/77IURH5NC56Jn09QHi76is
The Game,2810800,76,"['gangster rap', 'hip hop', 'pop rap', 'rap', 'southern hip hop', 'trap']",https://i.scdn.co/image/4a1a5df2b342712465a5941b6edb6038aedcec39,https://open.spotify.com/artist/0NbfKEOTQCcwd6o7wSDOHI
Hopsin,1730291,70,"['conscious hip hop', 'hip hop', 'pop rap', 'rap']",https://i.scdn.co/image/e5ca26a6e157156cb4c3e8cdde2e7e082deb2951,https://open.spotify.com/artist/7EWU4FhUJM1sZQgQKdENeT
Yelawolf,1507665,72,"['alabama rap', 'hip hop', 'pop rap', 'rap', 'southern hip hop']",https://i.scdn.co/image/b0b9d299dd4dd7c50e5c964bc4d367bc1f25b7d7,https://open.spotify.com/artist/68DWke2VjdDmA75aJX5C57
DMX,2185484,74,"['east coast hip hop', 'gangster rap', 'hardcore hip hop', 'hip hop', 'pop rap', 'rap', 'southern hip hop']",https://i.scdn.co/image/8bf081adcfb9eb259fca3f0bd00b848153982d64,https://open.spotify.com/artist/1HwM5zlC5qNWhJtM00yXzG
Tech N9ne,1776248,76,"['hip hop', 'kansas city hip hop', 'pop rap', 'rap']",https://i.scdn.co/image/bf8620753d9ea92623654686da01c16dac1925f2,https://open.spotify.com/artist/6UBA15slIuadJ8h2lPRPos
50 Cent,6414083,87,"['east coast hip hop', 'gangster rap', 'hip hop', 'pop rap', 'queens hip hop', 'rap']",https://i.scdn.co/image/6f0da41419b31d9d2ba55d2df212f59ad0668118,https://open.spotify.com/artist/3q7HBObVc0L8jNeTe5Gofh
Dr. Dre,5210014,82,"['g funk', 'gangster rap', 'hip hop', 'rap', 'west coast rap']",https://i.scdn.co/image/170254ebdd747f4e7045df1cae8f11a42dc1a547,https://open.spotify.com/artist/6DPYiyq5kWVQS4RGwxzPC7
Obie Trice,537094,62,"['detroit hip hop', 'gangster rap', 'hardcore hip hop', 'hip hop', 'pop rap', 'rap']",https://i.scdn.co/image/d6ebc26b7f361aa6de3a8992b49bf4a2536af3fc,https://open.spotify.com/artist/2XnnxQzxFZG8qEPjakokPM
Xzibit,1079636,69,"['detroit hip hop', 'g funk', 'gangster rap', 'hardcore hip hop', 'hip hop', 'pop rap', 'rap', 'west coast rap']",https://i.scdn.co/image/565bd7e6cb475003a4a644a6a667ae5518a529f8,https://open.spotify.com/artist/4tujQJicOnuZRLiBFdp3Ou
Ice Cube,3936302,76,"['conscious hip hop', 'g funk', 'gangster rap', 'hardcore hip hop', 'hip hop', 'rap', 'west coast rap']",https://i.scdn.co/image/5414f371462d8c9d5d35c1a1b908d9f2a65fefbb,https://open.spotify.com/artist/3Mcii5XWf6E0lrY3Uky4cA
G-Unit,1313569,65,"['gangster rap', 'hardcore hip hop', 'hip hop', 'pop rap', 'queens hip hop', 'rap', 'southern hip hop', 'trap']",https://i.scdn.co/image/883505d6cbdbbb54837b345a84722dc78764ab67,https://open.spotify.com/artist/6evKD5JWJON3qPBJtUEmtY
T.I.,3479161,80,"['atl hip hop', 'dance pop', 'dirty south rap', 'gangster rap', 'hip hop', 'pop rap', 'rap', 'southern hip hop', 'trap']",https://i.scdn.co/image/b83211485b5ad5e57b9d3659a096ffef3d6f3171,https://open.spotify.com/artist/4OBJLual30L7gRl5UkeRcT
N.W.A.,3126176,69,"['conscious hip hop', 'gangster rap', 'hardcore hip hop', 'hip hop', 'old school hip hop', 'rap', 'west coast rap']",https://i.scdn.co/image/6c6c5456aa373c9cbf4f385c2dd69c4177e6e3fa,https://open.spotify.com/artist/4EnEZVjo3w1cwcQYePccay
Ludacris,1935497,80,"['atl hip hop', 'dance pop', 'dirty south rap', 'hip hop', 'pop rap', 'rap', 'southern hip hop', 'trap']",https://i.scdn.co/image/0515a0dfc9c25cd8290cc4be58abf6f66f21706a,https://open.spotify.com/artist/3ipn9JLAPI5GUEo4y4jcoi
Snoop Dogg,6268883,86,"['g funk', 'gangster rap', 'hip hop', 'rap', 'west coast rap']",https://i.scdn.co/image/4ddba58867285a1e858291a108613526df2ce934,https://open.spotify.com/artist/7hJcb9fa4alzcOq3EaNPoG
B.o.B,1784862,77,"['atl hip hop', 'dance pop', 'hip hop', 'pop', 'pop rap', 'rap', 'southern hip hop']",https://i.scdn.co/image/3cc98fa86043616517d5991f9140f977faadfcf0,https://open.spotify.com/artist/5ndkK3dpZLKtBklKjxNQwT
Joyner Lucas,1441227,79,"['boston hip hop', 'hip hop', 'pop rap', 'rap']",https://i.scdn.co/image/b0b6ebed0eb8180d2ccc960af6540bb878761ab6,https://open.spotify.com/artist/6C1ohJrd5VydigQtaGy5Wa
The Notorious B.I.G.,5587961,81,"['east coast hip hop', 'gangster rap', 'hardcore hip hop', 'hip hop', 'rap']",https://i.scdn.co/image/9bb42de208edcb69653a8e7951fa93b13f598cdd,https://open.spotify.com/artist/5me0Irg2ANcsgc93uaYrpb
Elli Kokkinou,42214,45,"['greek pop', 'laiko']",https://i.scdn.co/image/ce31e9d0472b7aa646ba7ed34b100cd8551136cc,https://open.spotify.com/artist/3dHMnH9LXTSuhfdcWfjnoc
Panos Kiamos,72229,49,"['greek pop', 'laiko']",https://i.scdn.co/image/0c3d7d4c3748fd38ddd4832624d8757a6fc8f5f3,https://open.spotify.com/artist/2EsTolBYIEICM1kx7MGluy
Thanos Petrelis,27621,43,"['greek pop', 'laiko']",https://i.scdn.co/image/2b15759b3b04f9bc8aa5b97558f3540693e85a70,https://open.spotify.com/artist/14UUPeNxbwhi11v0iVSTR0
Nikos Kourkoulis,27721,41,"['greek pop', 'laiko']",https://i.scdn.co/image/ab67616d00001e02fb0374411d63153c9b6c414a,https://open.spotify.com/artist/3kbwxvBE3Xs422h7yApgWX
Nikos Vertis,170038,56,"['classic greek pop', 'greek pop', 'laiko']",https://i.scdn.co/image/dd025058cd307b1226a219307b13fc94053521a2,https://open.spotify.com/artist/6BOprAXvUTWZjImX2dFdEa
Giannis Vardis,17697,29,"['greek pop', 'laiko']",https://i.scdn.co/image/ab67616d00001e02c0ec3842598394d1130fe585,https://open.spotify.com/artist/5odZPe40e3ijFp2YIoRPxH
Notis Sfakianakis,74709,50,"['greek pop', 'laiko']",https://i.scdn.co/image/ab67616d00001e02489007b15a157d0d1dcdd541,https://open.spotify.com/artist/31ID15xoalmnSgwPhHJZrR
Despina Vandi,56364,48,"['greek pop', 'laiko']",https://i.scdn.co/image/eaba9ccc876fefa05eb529216eb1e3e88568e218,https://open.spotify.com/artist/4aJpTCLUTPTeXfn3c9r9F0
Onirama,38813,40,"['greek pop', 'laiko']",https://i.scdn.co/image/481b544b535b61cd2b62e4477d081d6f56949423,https://open.spotify.com/artist/0aFk1wZrmQnSHmbSMiZUes
Tamta,34034,51,"['eurovision', 'greek pop', 'laiko']",https://i.scdn.co/image/3d3e14848d9ecab0634f0fb15965009ff50f6e3d,https://open.spotify.com/artist/0VGybH10ziMPo99SYOwMoQ
Antonis Remos,162605,55,"['greek pop', 'laiko']",https://i.scdn.co/image/ba937f9ea3458fb2b07d268716b40fdc719a9497,https://open.spotify.com/artist/6s26Q38Zqc4hY3xe7jrEBG
Michalis Hatzigiannis,75277,53,"['cypriot pop', 'greek pop', 'laiko']",https://i.scdn.co/image/5434cdd0ea253593a7e2947a52f0107c70ead8d2,https://open.spotify.com/artist/77YRvt1TuxpCmW4Ydrx69A
Stamatis Gonidis,36710,41,"['greek pop', 'laiko']",https://i.scdn.co/image/ab67616d00001e028e38d191bc077ee2a9d3c784,https://open.spotify.com/artist/5By2qsuXvDrrlvRfyy6Kyk
Nikos Makropoulos,52092,45,"['greek pop', 'laiko']",https://i.scdn.co/image/ab67616d00001e026558e379219e21640f6f5062,https://open.spotify.com/artist/5ETZ4zl1tAJe8zCTDEaoGO
Sotis Volanis,9235,34,"['greek pop', 'laiko']",https://i.scdn.co/image/ab67616d00001e02e6cdabaddd7d4801cc50958a,https://open.spotify.com/artist/0N5uB0jyCJU5WBW8cQILrb
Goin' Through,18482,35,"['greek hip hop', 'greek pop']",https://i.scdn.co/image/76a9ea1b91df8568244c1a082a1a0bc1aad6048c,https://open.spotify.com/artist/5QAp0ErwctTK9NhY9F0TuU
Giannis Parios,25035,46,"['greek pop', 'laiko', 'nisiotika']",https://i.scdn.co/image/b560ffbbbb9613cf6600a29a831bade6c8da910e,https://open.spotify.com/artist/6269Im2Jeu5eS4729GuGwx
Christos Dantis,22133,33,"['classic greek pop', 'greek pop', 'laiko']",https://i.scdn.co/image/ea27c35bf1a14da31a5fec9e734976a6b9710ff3,https://open.spotify.com/artist/1TKXk9QDdArvRAKdW2sMyc
Peggy Zina,42871,44,"['greek pop', 'laiko']",https://i.scdn.co/image/6ff05d7347e5aba5466a2017a63aaaa373faf150,https://open.spotify.com/artist/4ut0QJyQkh4mrh3Cu6diKz
Vasilis Karras,71747,49,"['greek pop', 'laiko']",https://i.scdn.co/image/77e3d359f03cd911040c061db0d3a872e143fcaf,https://open.spotify.com/artist/4P4cATtI7ozt4k4oKho4uz
OperaBabes,8573,29,['operatic pop'],https://i.scdn.co/image/6432dde42a002abef73c6a29028f4cdb094aea1d,https://open.spotify.com/artist/3ujLLiliLCsRHxS7B2kZ2U
Filippa Giordano,29434,42,['operatic pop'],https://i.scdn.co/image/6a698f3d26672a48ec1dddc940f847059e1797bb,https://open.spotify.com/artist/40f4c3LvZNQAjn487No6K4
Amici forever,12148,34,['operatic pop'],https://i.scdn.co/image/bb08561db7c8b32d90369c4d48d2573ce3421c6a,https://open.spotify.com/artist/2VOQX0sezyQ23LmfJNIcDX
Vittorio Grigolo,9909,31,"['classical tenor', 'italian tenor', 'operatic pop']",https://i.scdn.co/image/8b064b310b896902fa3e8e60435330d62cf2cff5,https://open.spotify.com/artist/4g5uYNR1bRD4Tju6fIuBRC
The Ten Tenors,17540,33,['operatic pop'],https://i.scdn.co/image/1bd51dab6998aa9116ac0baf875bdafeea3563a6,https://open.spotify.com/artist/33Aynwpkv5rUn5TsuRmmUJ
Natasha Marsh,5465,25,['operatic pop'],https://i.scdn.co/image/ab67616d00001e02fac94132cf43a9239e196515,https://open.spotify.com/artist/3jTYaIoa2XJ0EUsPFGFKys
Katherine Jenkins,90336,54,['operatic pop'],https://i.scdn.co/image/963baa9e1c5ee3e24e6c4bddc3bc752d2c3c613c,https://open.spotify.com/artist/6dkXCmyrSrQteo0gwOGzFl
Giorgia Fumanti,10816,42,"['new age', 'operatic pop']",https://i.scdn.co/image/237bd0d1fd99ac65241cb1f8472d6ced75e8143b,https://open.spotify.com/artist/19Jsb6i9xKolWGXZznN93N
Russell Watson,27120,44,['operatic pop'],https://i.scdn.co/image/ab962739eb7549b74f12617c78cb8e6741e76991,https://open.spotify.com/artist/2hrfuB0LtVmFZ6MvPMIHTK
Paul Potts,44428,39,['operatic pop'],https://i.scdn.co/image/7f08f111cf7ea54d3bad9694148e99e6538ff97e,https://open.spotify.com/artist/68klHWrqL5uWq2Qjqaz46j
Il Divo,571966,63,['operatic pop'],https://i.scdn.co/image/d0f1f203de8ef0542b709ec4574637399484a5be,https://open.spotify.com/artist/3KNZ9AOjBajjmr6ZR2VGfl
Alessandro Safina,27177,49,"['italian tenor', 'operatic pop']",https://i.scdn.co/image/b78f6d792b84c492443feef6d9b9e2dc7626dc17,https://open.spotify.com/artist/5ITJs06INM9JWxK5hROEj3
Patrizio Buanne,11612,40,['operatic pop'],https://i.scdn.co/image/89f9352b259850b45fbf0fd7050d2a7a10c4fc40,https://open.spotify.com/artist/14JwkiGRzeex4jLuDoWpQ5
Hayley Westenra,65211,47,"['bow pop', 'celtic', 'operatic pop']",https://i.scdn.co/image/400caf99efb54e22e5f213a888cbc736c8d7cf34,https://open.spotify.com/artist/7Jotu5LupekFt00kZZZ7C6
Lesley Garrett,8284,35,"['classical soprano', 'operatic pop']",https://i.scdn.co/image/f0af52f972ff41b75f5d27f3abbfa2c3c706217d,https://open.spotify.com/artist/62v9cky9vqZqt9vbMNqMLQ
Rhydian,4828,27,"['operatic pop', 'talent show']",https://i.scdn.co/image/a7c73ecdb5049cb73183d1bcff10526397eac206,https://open.spotify.com/artist/4aRLZXzypPQPS9fx6QTRaq
All Angels,16094,38,['operatic pop'],https://i.scdn.co/image/ab67616d00001e02025337a1f6a95b19f03aacc4,https://open.spotify.com/artist/1nlqYzoK1LAlS8MmnUhfEs
Jonathan Ansell,2518,31,['operatic pop'],https://i.scdn.co/image/ab67616d00001e02af28760c8ac2fd342a66ef88,https://open.spotify.com/artist/1GCM0VHkbhrlwH2dePzpW4
Emma Shapplin,37326,36,['operatic pop'],https://i.scdn.co/image/ab67616d00001e02ab95d6408db1af51bfa8cbfb,https://open.spotify.com/artist/2nvXsWaHgwu3v3wsVJAEcI
Charlotte Jaconelli,3976,20,['operatic pop'],https://i.scdn.co/image/56656c40aca97c706d928554c3302287d339259c,https://open.spotify.com/artist/56XACUTGGVXqbmAbCHlYuW
Endre Guran,8,0,[],,https://open.spotify.com/artist/0miK9W495QnOUPWuVSQ69n
"Dr.Myhtliy,P.Hd,Apollo Hospital",16,0,[],,https://open.spotify.com/artist/6pmlXcFKolusq6Azubs83n
Charles Gerhardt & National Philharmonic Baroque Ensemble,16,0,[],,https://open.spotify.com/artist/14py4AlQfOtr3KBMYS06qx
Sandeep Patel,145,18,[],https://i.scdn.co/image/ab67616d00001e0298c93a8872937edcc47d18f7,https://open.spotify.com/artist/5Pre6uQ6oPz1lsZyFYMUE0
Shuya Okatsu,21,6,[],https://i.scdn.co/image/ab67616d00001e024acfcba4cd69d1e50c77cfa3,https://open.spotify.com/artist/1IGtxsggYKS5SAyd09m2ks
Peter Morley & Anne-Marie Cook,12,0,[],https://i.scdn.co/image/ab67616d00001e022fbabb8605be3301be325b4a,https://open.spotify.com/artist/1J9hUTypwrS4U0X3jQieM4
"Slovak Radio New Philharmonic Orchestra, Bratislava",19,8,[],,https://open.spotify.com/artist/1I5LpKTrDkVCO71HLb6fxv
Gotz Schumacher,43,10,[],https://i.scdn.co/image/ab67616d00001e026a23b4b6b8c635b30a1fa01e,https://open.spotify.com/artist/6nGUmukWAjVOtUBkCFnXWY
Bijan Khadem-Missagh,25,1,[],https://i.scdn.co/image/ab67616d00001e028faa58e6b05ba03e8377764c,https://open.spotify.com/artist/6FEEL5MFkD3nvOWLAIQr5k
"Beethoven, Arranged by Juraj Filas",34,0,[],,https://open.spotify.com/artist/055w0XGzaKrKzJyjFlYatR
Veron Handley & National Philharmonic Orchestra,6,0,[],,https://open.spotify.com/artist/5V4R3D098UYZWi3iHgI6Uf
Kateřina Englichová,100,11,['classical harp'],https://i.scdn.co/image/ab67616d00001e02af2c2d733f814b47773b1304,https://open.spotify.com/artist/5qPdmTamEvTpAEcBPt2H5R
Evgueni Bushkov,20,3,[],https://i.scdn.co/image/ab67616d00001e02d6f887749da1d34bee2e4e35,https://open.spotify.com/artist/2UHLGgE9NvPufIrrjh9bD5
Walid Akl,42,4,[],https://i.scdn.co/image/ab67616d00001e021b1e3f0869725ceccafc7dd8,https://open.spotify.com/artist/41ZxtxXFCX6jVHFpli5zpy
Leylacan,3,0,[],https://i.scdn.co/image/ab67616d00001e02309c8ff960616a02ee2c9610,https://open.spotify.com/artist/7aLDHN3vDYhNxDg1Az83e7
The Kooks,1964221,72,"['brighton indie', 'modern rock', 'rock']",https://i.scdn.co/image/5264c2d939b8525546b99fa1d0f19888e47019b3,https://open.spotify.com/artist/1GLtl8uqKmnyCWxHmw9tL4
Alexandra Savior,82860,51,['modern dream pop'],https://i.scdn.co/image/ddc0bda182fe62aa0e13379fc5591fed1b4c4147,https://open.spotify.com/artist/2qqZbV6smvvtohQOUgZqKa
Alex Turner,450897,66,"['modern rock', 'rock', 'sheffield indie']",https://i.scdn.co/image/ab67616d00001e02672951d44a35cb08092f2c1f,https://open.spotify.com/artist/1ctkBmvz80MGyi72Ix055S
The Last Shadow Puppets,693689,64,"['baroque pop', 'indie rock', 'modern rock', 'rock', 'sheffield indie']",https://i.scdn.co/image/c3d3f098f92fbacb7a16ab5ca1d801228b26e1b2,https://open.spotify.com/artist/2Z7UcsdweVlRbAk5wH5fsf
Blossoms,299231,64,"['english indie rock', 'modern rock', 'rock']",https://i.scdn.co/image/f0cdd95b91581f1e7654dbf9e4e24cc7364a8b58,https://open.spotify.com/artist/22RISwgVJyZu9lpqAcv1F5
Kasabian,1429887,68,"['alternative rock', 'britpop', 'garage rock', 'indie rock', 'leicester indie', 'modern rock', 'rock']",https://i.scdn.co/image/0819d4451bf042bc0949e3a04216c7ddf11047b2,https://open.spotify.com/artist/11wRdbnoYqRddKBrpHt4Ue
The Strokes,3405780,79,"['alternative rock', 'garage rock', 'modern rock', 'permanent wave', 'rock']",https://i.scdn.co/image/2132488612fb623fc935055a4e88781cb57f3c5b,https://open.spotify.com/artist/0epOFNiUfyON9EYx7Tpr6V
The Fratellis,620048,64,"['garage rock', 'modern rock', 'rock', 'scottish rock']",https://i.scdn.co/image/26c3fdb7deaee1d88ce0f67db7cb8db130e80c68,https://open.spotify.com/artist/3M4ThdJR28z9eSMcQHAZ5G
The Libertines,654578,61,"['alternative rock', 'britpop', 'dance-punk', 'garage rock', 'garage rock revival', 'indie rock', 'modern rock', 'rock']",https://i.scdn.co/image/481e5f20520c6f49971bd54abba29cff863139db,https://open.spotify.com/artist/4fSPtBgFPZzygkY6MehwQ7
Franz Ferdinand,1899395,69,"['alternative rock', 'dance-punk', 'indie rock', 'modern rock', 'new rave', 'rock', 'scottish rock']",https://i.scdn.co/image/74d44570990858341836261beb39b3faa18f7603,https://open.spotify.com/artist/0XNa1vTidXlvJ2gHSsRi4A
Kaiser Chiefs,1006299,64,"['alternative rock', 'dance-punk', 'modern rock', 'rock']",https://i.scdn.co/image/091ef267c1477b5c1a71453c89bf135025fe8f45,https://open.spotify.com/artist/0LbLWjaweRbO4FDKYlbfNt
The Vaccines,621590,62,"['indie pop', 'indie rock', 'modern alternative rock', 'modern rock', 'rock']",https://i.scdn.co/image/955030229bcbb59ee184408f6f951475127b5fbb,https://open.spotify.com/artist/0Ak6DLKHtpR6TEEnmcorKA
The Wombats,818727,70,"['indie pop', 'liverpool indie', 'modern alternative rock', 'modern rock', 'rock']",https://i.scdn.co/image/eedb5ba189800eb6cfdfaf659be9c0ce190db3e5,https://open.spotify.com/artist/0Ya43ZKWHTKkAbkoJJkwIB
Jamie T,323077,61,"['modern rock', 'new rave', 'rock']",https://i.scdn.co/image/463fc61af0219fe80770b4f063e60daa84d4639a,https://open.spotify.com/artist/3Rsr4Z96O6U3lToOiV3zBh
Cage The Elephant,2188772,78,"['indie pop', 'indie rock', 'modern alternative rock', 'modern rock', 'punk blues', 'rock']",https://i.scdn.co/image/7f5ffd590188b2801da10516b85853cd778eaef8,https://open.spotify.com/artist/26T3LtbuGT1Fu9m0eRq5X3
Interpol,1166512,69,"['alternative dance', 'alternative rock', 'dance-punk', 'indie rock', 'modern rock', 'new rave', 'rock']",https://i.scdn.co/image/9cabfc9071803d3b17200b21fdb80c6a5553b8f7,https://open.spotify.com/artist/3WaJSfKnzc65VDgmj2zU8B
Razorlight,401157,62,"['britpop', 'modern rock', 'pop rock', 'rock']",https://i.scdn.co/image/5619ced3cc65c072fd586c671fef96f6ef55f2a1,https://open.spotify.com/artist/450iujbtN6XgiA9pv6fVZz
Two Door Cinema Club,1934049,73,"['indie pop', 'indietronica', 'irish rock', 'modern alternative rock', 'modern rock', 'northern irish indie', 'rock']",https://i.scdn.co/image/df9bb5d891969f8b40cb8dc9cdceff8b3903f5a7,https://open.spotify.com/artist/536BYVgOnRky0xjsPT96zl
Miles Kane,210889,64,"['baroque pop', 'britpop', 'garage rock', 'indie rock', 'modern rock', 'rock']",https://i.scdn.co/image/3618716333d4771bc7cb1f6ff144ef09183e766b,https://open.spotify.com/artist/3M0H4efyA5YcijrKlaKbYn
Courteeners,249040,62,"['britpop', 'manchester indie', 'modern rock', 'rock']",https://i.scdn.co/image/ddec068d71c7bb1f5657a13cf862d661f27d0841,https://open.spotify.com/artist/1NfJU4hy56Z4UM4iyIa1B2
Tripes,23240,38,"['classic greek rock', 'greek indie']",https://i.scdn.co/image/ab67616d00001e020e62fe643d0e7ce9206e860f,https://open.spotify.com/artist/0j26rQ1q8emYPBLonXtEJ9
Locomondo,25204,38,"['greek indie', 'greek pop', 'greek swing']",https://i.scdn.co/image/ccab650cb03d6deae16faf04c2b7bf2719b90901,https://open.spotify.com/artist/6NxXHjmu44lrhxiQoMxKIc
Xilina Spathia,21383,38,"['classic greek rock', 'greek indie']",https://i.scdn.co/image/ab67616d00001e02785a6af2da9b8d96ac4dde0e,https://open.spotify.com/artist/2zsxq4xTSDddUsmf1GT6Wt
Endelehia,6320,25,"['classic greek rock', 'greek indie']",https://i.scdn.co/image/ab67616d00001e02be21916d18519c480db683d9,https://open.spotify.com/artist/2OJRCdqITodqv1GMIxqG5l
Fivos Delivorias,15408,41,['entehno'],https://i.scdn.co/image/ab67616d00001e027991680399c1c3837c8f314f,https://open.spotify.com/artist/1e4ICc9TtOUGHrhS4LX59z
Ypogia Revmata,9677,32,"['classic greek rock', 'greek indie']",https://i.scdn.co/image/ab67616d00001e026a4e7085daa6c950ae21e69a,https://open.spotify.com/artist/4xbr3XX253Pyc7UiPCWEGh
Sokratis Malamas,38554,46,"['classic greek pop', 'entehno', 'greek pop', 'laiko']",https://i.scdn.co/image/ab67616d00001e02cdd05f7cda6a2c46002c1077,https://open.spotify.com/artist/0NFb7EzMeIc7fZMsdDjlrf
Lakis Papadopoulos,4868,33,['classic greek rock'],https://i.scdn.co/image/1ee63a9482482524528b2c96ea7bf5eb5f6dd52e,https://open.spotify.com/artist/1vhL7DQsMAxapgKbSJEYJM
Filippos Pliatsikas,10327,36,['entehno'],https://i.scdn.co/image/ab67616d00001e02816ccb542656a4661597b4be,https://open.spotify.com/artist/4UivkNzFA9XPTr0coJ3x0y
Tzimis Panousis,12145,31,"['classic greek rock', 'greek indie']",https://i.scdn.co/image/ab67616d00001e0255e3d0c168a25bcba44d7a64,https://open.spotify.com/artist/0e6zgQKSNEPp2cArggmCOG
Giannis Aggelakas,13127,33,['classic greek rock'],https://i.scdn.co/image/ab67616d00001e02369830298d1fa0a82c99df67,https://open.spotify.com/artist/6TyYNIeAzzs4CZAc4pyivx
Nikos Portokaloglou,19091,38,"['classic greek rock', 'entehno', 'greek indie', 'laiko']",https://i.scdn.co/image/2b48217215c4367e058dcff1ad0d506147f47541,https://open.spotify.com/artist/38VfUvRpU0Tn6COM6AvMH0
Miltos Pashalidis,25720,45,"['entehno', 'greek indie', 'greek pop', 'laiko']",https://i.scdn.co/image/ab67616d00001e021e4522067e1b7a2c6f16b7eb,https://open.spotify.com/artist/6VzFvK9yRRZkT0L8kMmOXV
Arleta,13070,39,"['classic greek pop', 'classic greek rock', 'entehno', 'greek indie', 'laiko', 'neo kyma']",https://i.scdn.co/image/ab67616d00001e02af5c30bda4f03277b56d38f8,https://open.spotify.com/artist/6KVMKVZCXarNNhwKxhjCmo
Magic De Spell,5559,25,"['classic greek rock', 'greek indie']",https://i.scdn.co/image/ab67616d00001e029c4d1fab112530adf4108dbc,https://open.spotify.com/artist/5iTlDpX6IOsh1ZEWxH7Kaz
Nikos Papazoglou,20433,38,"['classic greek pop', 'entehno', 'greek pop', 'laiko', 'rebetiko']",https://i.scdn.co/image/ab67616d00001e02b616416c0aa6a6d207d9d945,https://open.spotify.com/artist/2l9wrwzboV14ckBlHgeojZ
Lavrentis Machairitsas,30445,46,"['classic greek rock', 'entehno', 'greek indie', 'greek pop', 'laiko']",https://i.scdn.co/image/5df8fe9aca7684a44a5d1adbdd5d228a0b5350e4,https://open.spotify.com/artist/5z7uDSNrMNmtg7eikmaaau
Yiannis Kotsiras,33410,46,"['classic greek pop', 'classic greek rock', 'entehno', 'greek pop', 'laiko']",https://i.scdn.co/image/437029373f0ae37b95084344d547449a8852623b,https://open.spotify.com/artist/6waWR57xXsgtWztHX1v8TB
Imiskoubria,14147,36,"['greek hip hop', 'greek indie', 'greek pop', 'laiko']",https://i.scdn.co/image/ab67616d00001e029fbb18331b2f67b7768b71ec,https://open.spotify.com/artist/5A4ExW2nMBFRy2JDoYUcUE
Kitrina Podilata,7080,27,"['classic greek rock', 'greek rock']",https://i.scdn.co/image/1081bcef9f21c7c9cef04c8bd7777013d60ccbb2,https://open.spotify.com/artist/5DqzPfumjWC7Q4nI3dNjl9
The Crystal Method,222656,55,"['big beat', 'breakbeat']",https://i.scdn.co/image/5b0218eef3100947d12f560efd4200c53a208ee0,https://open.spotify.com/artist/5eKLa1xyHLq8ERWmT1CRHj
Fluke,57857,43,"['big beat', 'breakbeat', 'electronica', 'trip hop']",https://i.scdn.co/image/ab67616d00001e024809bb93b2ed7631d5b73b2d,https://open.spotify.com/artist/2YzUXecwzcOdlJsnpnJfkJ
Hybrid,41738,46,"['big beat', 'breakbeat', 'nu skool breaks']",https://i.scdn.co/image/1d42adebbca9bd659f33cc4981395bdb030df667,https://open.spotify.com/artist/2MYN7OKnlCiZ0wrwp2A1ox
John Ottman,23490,46,"['classic soundtrack', 'epicore', 'scorecore', 'soundtrack']",https://i.scdn.co/image/cdbd4c0d0108ba1ea5180c9768281033665520d5,https://open.spotify.com/artist/6uhyakkTnWoxbEKn9pIc6V
New Kids,3973,45,['happy hardcore'],https://i.scdn.co/image/ab67616d00001e029b8086c699e36057bcbbabd4,https://open.spotify.com/artist/2dYdfgSbtfu9Y9MkTPv3jX
Marco Beltrami,28267,50,"['classic soundtrack', 'epicore', 'scorecore', 'soundtrack', 'video game music']",https://i.scdn.co/image/5a2ba25f17642c744f2e63bfc58b275235cb1872,https://open.spotify.com/artist/7yAPsqNhqqsTGsuOSZJg0i
Steven Price,17789,54,"['british soundtrack', 'epicore', 'scorecore', 'soundtrack', 'video game music']",https://i.scdn.co/image/4bad487cb216749a4f2d88411989e523800dc9e5,https://open.spotify.com/artist/3sw7CBftCnflJN8HQiUNmK
Joseph Trapanese,6691,50,['soundtrack'],https://i.scdn.co/image/ab1be5eb6909ebac4d2c21c73a8ad8bcd270ab72,https://open.spotify.com/artist/566MlWaCa63jvMZV9YMj3V
Lorne Balfe,38136,60,"['british soundtrack', 'epicore', 'scorecore', 'soundtrack', 'video game music']",https://i.scdn.co/image/82dd01f08de64734dc335eed8ddc86e5b910b524,https://open.spotify.com/artist/6dU7gPN2BhEPfO5QHLt7es
Paul Leonard-Morgan,8115,49,"['british soundtrack', 'scorecore', 'soundtrack', 'video game music']",https://i.scdn.co/image/818eb23d7d4604b240105e028e68bd9608a4591f,https://open.spotify.com/artist/0360rTDeUjEyBXaz2Ki00a
Henry Jackman,51881,58,"['british soundtrack', 'epicore', 'scorecore', 'soundtrack', 'video game music']",https://i.scdn.co/image/ab498328144f78fc3484b3276cda9c6ba67ecf9f,https://open.spotify.com/artist/5SEW04tNMMrOz7UFQJA6vz
Tyler Bates,48623,59,"['epicore', 'scorecore', 'soundtrack', 'video game music']",https://i.scdn.co/image/e9a1ac0fc5590b0a5af7b29226f371089574d751,https://open.spotify.com/artist/75fIuwXxhZ1atNzWLMrgF0
Overseer,13955,38,"['big beat', 'breakbeat']",https://i.scdn.co/image/fe8e98420ba5bb19d85eec26290a426690f52531,https://open.spotify.com/artist/3V4c44pHzC8apm8HiiFF6V
Christopher Drake,8412,41,"['scorecore', 'soundtrack', 'video game music']",https://i.scdn.co/image/ab67616d00001e02fded328c6ba87b43251c5abb,https://open.spotify.com/artist/3KLA7mvD10XxcjRbo3uTdB
Jed Kurzel,5696,41,"['oceania soundtrack', 'soundtrack']",https://i.scdn.co/image/ab67616d00001e02306fd708a44655d84f62a59f,https://open.spotify.com/artist/0qmPsuVLBgel2EQA4dm7ij
Rupert Gregson-Williams,22321,58,"['british soundtrack', 'epicore', 'scorecore', 'soundtrack']",https://i.scdn.co/image/43fbbb2bd28a42e949cb3621f098e796599b357f,https://open.spotify.com/artist/2vuXYcTqreOLLnlKtMV5UG
Don Davis,12247,42,"['classic soundtrack', 'scorecore', 'soundtrack']",https://i.scdn.co/image/c2022fefb99dc9aaf011b72cd8fbc666d8b9bbcb,https://open.spotify.com/artist/3eCpCUtYdBCM1twAb4mk8I
Marc Streitenfeld,13553,45,"['epicore', 'german soundtrack', 'scorecore', 'soundtrack', 'video game music']",https://i.scdn.co/image/8acc863aba193a12dcfad7e4ba7e6a3221a93ce0,https://open.spotify.com/artist/02qXVbvAMyWhdHb2GfUcXM
Brad Fiedel,10994,46,"['classic soundtrack', 'scorecore', 'soundtrack']",https://i.scdn.co/image/29f1861d8127a54204e6f1552cd61578907753b6,https://open.spotify.com/artist/4GcS4MPc2DtgpYCeghy88O
John Paesano,15475,54,"['scorecore', 'soundtrack', 'video game music']",https://i.scdn.co/image/58846a9392377555a35979cc250ba38f6fac1554,https://open.spotify.com/artist/3MhnTc9AODdRGMrtntEqIz
La Coka Nostra,114871,49,['conscious hip hop'],https://i.scdn.co/image/ab67616d00001e02d01dc2f11486b97db3618b90,https://open.spotify.com/artist/0BK94SazL2jI020Y8ezR4f
Slaine,42889,52,"['boston hip hop', 'underground rap']",https://i.scdn.co/image/30598e9d18b01d4f17aadd961ba504766adcbef0,https://open.spotify.com/artist/1z1ctFe6fCr5aZnCGKt6rN
ILL Bill,76439,54,"['conscious hip hop', 'hardcore hip hop']",https://i.scdn.co/image/df1e3f008f504dff875a468837b48214acf3a9f7,https://open.spotify.com/artist/1mMjwoytmHP5dTJbIQxN4V
Necro,109302,52,"['hardcore hip hop', 'horrorcore']",https://i.scdn.co/image/905188b6bbd6315afc0c8ee2cc0ca5f5822a8770,https://open.spotify.com/artist/51vjIMmHWyVqDrkxD07Jh7
Onyx,295095,56,"['east coast hip hop', 'gangster rap', 'hardcore hip hop', 'hip hop', 'queens hip hop', 'rap']",https://i.scdn.co/image/e2e8ce96fd2bd68b6d4d59ec4ac4fb25ce00640e,https://open.spotify.com/artist/10Khz9BDdDT2mzm3330Cvu
Army Of The Pharaohs,91652,51,"['philly rap', 'political hip hop', 'spiritual hip hop', 'underground rap']",https://i.scdn.co/image/3eef1fbe3326357cee3626b3cc525edaaf6fbe39,https://open.spotify.com/artist/13FswnDmTIttTpiK9PS0BI
Vinnie Paz,197073,61,"['conscious hip hop', 'philly rap', 'political hip hop', 'rap rock']",https://i.scdn.co/image/034ceb7db65ce9b1598ef04210054080dbe26b53,https://open.spotify.com/artist/3rExe3A3FzAmYDlQuvW2Wx
Reel Wolf,12360,33,[],https://i.scdn.co/image/ab67616d00001e0229de12ce9b690fe5bf1f4aa7,https://open.spotify.com/artist/5O3mC3GDjydHEuDOT9TMuO
Snak The Ripper,82303,56,"['bc underground hip hop', 'canadian hip hop']",https://i.scdn.co/image/762cdc5c6a9f8416c7e7154e91099f7170eab549,https://open.spotify.com/artist/2MG7NjBnZsaiKekJ0Q2z89
Swollen Members,83915,51,['rap rock'],https://i.scdn.co/image/35b5547cab57fdbb203f1bdd00835436156d3858,https://open.spotify.com/artist/30QbUq31PEXAT4QFYZyBAM
Snowgoons,78719,53,['underground rap'],https://i.scdn.co/image/b0a5e208352659dc97654b507ffd2a7dbeec6723,https://open.spotify.com/artist/7cTfr9nU9kwlKrVxwghbxN
Outerspace,23103,38,"['philly rap', 'underground rap']",https://i.scdn.co/image/cef87ae25506313d2efd288974385dde71d66066,https://open.spotify.com/artist/351VwkrQ5FuYqa7YsDfSpU
Jedi Mind Tricks,283706,58,"['conscious hip hop', 'hardcore hip hop', 'philly rap', 'political hip hop']",https://i.scdn.co/image/d0199da6115dc8810cd4a83fef5a20f07126a2ae,https://open.spotify.com/artist/0PI3pXpUMScjweiw3IbADc
Apathy,63610,53,"['alternative hip hop', 'hardcore hip hop', 'underground rap']",https://i.scdn.co/image/ff65bed9253c3dded03c1bad0555dfec0e4c8ded,https://open.spotify.com/artist/6fK2hnSgfRPxR6sL975XQS
Heavy Metal Kings,17403,34,['philly rap'],https://i.scdn.co/image/bbd4f9ad847f7318b0620e98941ea65f638d62be,https://open.spotify.com/artist/3wmMXfaXNfROjh1pjcRSAd
Madchild,96897,59,"['canadian hip hop', 'rap rock']",https://i.scdn.co/image/ecfcfee05e42f9ba07acaf6e48e4c16541699a22,https://open.spotify.com/artist/2mOzrayQHznyyCwOcGGHOr
Non Phixion,46147,44,"['east coast hip hop', 'hardcore hip hop', 'political hip hop', 'underground rap']",https://i.scdn.co/image/5ed5b7290aa2951257bc24adb0ab80a6a1058e86,https://open.spotify.com/artist/0bWOVEEzzkEIqsSZoXt8KW
Foreign Beggars,90854,50,"['brostep', 'uk alternative hip hop', 'uk hip hop']",https://i.scdn.co/image/7ca71d4312d5b1f2bdb03a5c56ae7e37a9c654b9,https://open.spotify.com/artist/0sQ1wgSdRpoysgsa1VnI4G
Shahmen,94651,60,['spiritual hip hop'],https://i.scdn.co/image/04823fde69ed81460fe4a527ea6a2284100d70fa,https://open.spotify.com/artist/6cP3Wpz5sIVqvADsE7D6eG
R.A. The Rugged Man,93092,54,"['conscious hip hop', 'east coast hip hop', 'hardcore hip hop', 'hip hop', 'underground rap']",https://i.scdn.co/image/f0291026e3354fb7d2b00ef299d9d5cd8834beea,https://open.spotify.com/artist/3mUHAiDazZq75gh6If5zoD
Stockholm Jazz Quartet,3565,41,[],https://i.scdn.co/image/90af8a9df2366e688bd9d74f2fe2c5f3a9ec2327,https://open.spotify.com/artist/6AxGu0jqKp1dvqdq7c5vVs
Yolta,1033,50,['background music'],https://i.scdn.co/image/ab67616d00001e022fac3894b4ac8039587f1a15,https://open.spotify.com/artist/1FcdysxmyKBfSOyVppN3sw
Sahlene Williams,1071,46,['atmosphere'],https://i.scdn.co/image/ab67616d00001e025308b500dbeae1b83558a4b1,https://open.spotify.com/artist/0kuiVox1gz055r46Oqulfw
Tusca,685,27,[],https://i.scdn.co/image/53b22de2c904ad7be3c8f1d9321e710f985b24cd,https://open.spotify.com/artist/1UOMPcgwElM1qzOxkxxSuJ
February Four,979,33,['tone'],https://i.scdn.co/image/3ed8cf1f97900eb5d5bf255918c0e2f638d775c3,https://open.spotify.com/artist/6gDwOzEkOm3tV72XBuMv3d
Zarobi,1882,36,[],https://i.scdn.co/image/ab67616d00001e02f936563d2d148fedf1185e1c,https://open.spotify.com/artist/0nrxz5MLouTGEKB5xsBhdb
Jupiter Grains,1594,57,['atmosphere'],https://i.scdn.co/image/ab67616d00001e02f1c97c0f548ee35b50f50e41,https://open.spotify.com/artist/6uq3FetPGtr1PNJ4bOzF85
Delle Alpi,1207,54,['atmosphere'],https://i.scdn.co/image/ab67616d00001e02d2b140b50df2c2b80fbceafe,https://open.spotify.com/artist/6F3AbMb1nVGlPROQ0nQBqU
Callum Waterford,37,57,['calming instrumental'],https://i.scdn.co/image/ab67616d00001e02282ce24d980dfafbbef2956e,https://open.spotify.com/artist/6TdZZLY5iTYyvZfPbGkame
Dickson,3048,25,[],https://i.scdn.co/image/368f1fb2c47959a62312f29f90c35edbb03697ba,https://open.spotify.com/artist/7uOEDs1DVpAM3Whj3agkCi
Michel Mondrain,1956,45,['atmosphere'],https://i.scdn.co/image/ab67616d00001e02d1f8a71d5716d2e8abf9fc27,https://open.spotify.com/artist/4UwUTmJanOQvwAGmUKkewh
Waht Poo,1225,44,['atmosphere'],https://i.scdn.co/image/ab67616d00001e02d3c9199d9108d61ec16bd255,https://open.spotify.com/artist/6l00nLjNeQr1VaeP4FvsKY
Vinnie Gianni,58,54,['calming instrumental'],https://i.scdn.co/image/ab67616d00001e029bcd94be8c430aec452b41ea,https://open.spotify.com/artist/6sLmYoTs56uTqmDs3V9c7h
Ivanna Auclair,9,36,['calming instrumental'],https://i.scdn.co/image/ab67616d00001e02ddaedfc032877527450cebae,https://open.spotify.com/artist/4GcWAU9NsYYzRWCqVcXr3x
Elliot Adasik,75,55,['calming instrumental'],https://i.scdn.co/image/ab67616d00001e025cdb61d6951a6cf952894c48,https://open.spotify.com/artist/0ygQ1CuZpZqv6dsdnIl3wL
Koh Lantana,2888,52,"['atmosphere', 'musica de fondo']",https://i.scdn.co/image/ab67616d00001e02d7fb5a674a7b130fbba27d12,https://open.spotify.com/artist/5D20KUB6A3CzLjb2DfRJqc
George Nascimento,1135,45,"['calming instrumental', 'classify', 'pianissimo']",https://i.scdn.co/image/ab67616d00001e029f0f31a82188621ab5739924,https://open.spotify.com/artist/2hfcG7JOmq4zs2rkrM5L7u
Miika Olli,11,36,['calming instrumental'],https://i.scdn.co/image/ab67616d00001e027b1cb60f62e363e737d4cae2,https://open.spotify.com/artist/43McYvrKwTqNdoxRON410R
Maria Neves,32,42,['calming instrumental'],https://i.scdn.co/image/ab67616d00001e02cbdf4575c0f027622865c26f,https://open.spotify.com/artist/436lhAPQJnjlI5YDTcCNVR
Mino Mentoni,5,35,['calming instrumental'],https://i.scdn.co/image/ab67616d00001e02ebddea252b5ded3a052a6300,https://open.spotify.com/artist/3xf1BsykKMqHCxmJBRGlBX
123 Sleep,200,37,['lullaby'],https://i.scdn.co/image/6a7120a9e9b33049870ed7a347ebaeeaed7e8a5a,https://open.spotify.com/artist/5p2DzA0n3Ewwr3iDTVKtx5
Henrik Janson,5592,58,"['calming instrumental', 'chill guitar']",https://i.scdn.co/image/e0f8ded4385e3d148c29b14fbd75502dc32318e9,https://open.spotify.com/artist/5kIhxGyX6VtcsLk88dwYED
Bradley Joseph,1514,40,"['calming instrumental', 'christian relaxative', 'classify', 'neoclassical darkwave', 'new age piano']",https://i.scdn.co/image/ab67616d00001e02fdfa6755f1e87761c8b175ba,https://open.spotify.com/artist/4HyURxoVAZxaACHYQQxQYx
John Story,1401,48,"['calming instrumental', 'environmental']",https://i.scdn.co/image/ead19c945fb05d76578fac3a9ddc52106b02abe4,https://open.spotify.com/artist/48vLiUk4YTBbKHdpeIP6jt
Jonta Lei,198,45,['calming instrumental'],https://i.scdn.co/image/ab67616d00001e02a60394b7032f6d74aa435849,https://open.spotify.com/artist/5bRtL6wZclxJEQiqsR9lNC
Piano Baby Club,102,21,[],https://i.scdn.co/image/ab67616d00001e028f9ac8c000af8651ff1f558e,https://open.spotify.com/artist/1Mw3QEFce9GCzj3tFuzluX
Baby Lullaby,210,38,['lullaby'],https://i.scdn.co/image/ab67616d00001e0205fec1743add23619ad0849d,https://open.spotify.com/artist/0VvM2hrWRHCJzlk82QccVL
Brique a Braq,2690,46,"['ambient worship', 'neo-classical']",https://i.scdn.co/image/77698f7ebb991bdf5c5ddcd1f295ec70d7591c46,https://open.spotify.com/artist/5SkCoDbdYJn9RkWHTa1CUF
Ben Bouile,396,41,['calming instrumental'],https://i.scdn.co/image/ab67616d00001e0234c100cdba29630fe1fc61be,https://open.spotify.com/artist/2KRvZVyLdDHzoeGF6s5yAW
Nursery Rhymes Baby TaTaTa,392,37,['lullaby'],https://i.scdn.co/image/38f57711671be3f357dcfd59d1c7002a713b69cc,https://open.spotify.com/artist/2npEmx1VJIPFRGhiob4VeH
Steven Anderson,510,36,['christian relaxative'],https://i.scdn.co/image/ab67616d00001e024215661e48e76abef5f2de17,https://open.spotify.com/artist/5aHE1EAT1F5E1kdvWCqObF
Tim Bellows,34,39,['calming instrumental'],https://i.scdn.co/image/ab67616d00001e0234e0c82376c88a5bc04e6b58,https://open.spotify.com/artist/294csHPEHxIxqeFXuIDtwU
Slobodan Pilic,287,46,['calming instrumental'],https://i.scdn.co/image/ab67616d00001e02e46ba3e5d8ce5b2f0d54ee50,https://open.spotify.com/artist/3mkxKcFNRzAR6wdiE2QLfl
Camilla Bergman,110,46,['calming instrumental'],https://i.scdn.co/image/ab67616d00001e020de296c653eb881450007b6c,https://open.spotify.com/artist/5UzLH4NmnDOyOrawKWcB0a
Marcos Perez,23,46,['calming instrumental'],https://i.scdn.co/image/ab67616d00001e02140c5595bfc68be5e77b10ea,https://open.spotify.com/artist/12U2bFEqsXJrcSsa44TX1T
Charles Conte,63,54,['calming instrumental'],https://i.scdn.co/image/ab67616d00001e02e88a3f11131960d901ab5d23,https://open.spotify.com/artist/0To8dvXvNaBa5ucn97a1dS
Mike Shinoda,424635,62,"['alternative hip hop', 'rap rock']",https://i.scdn.co/image/3ce3e9c4e3a35d0a327bf9d0d0769c5eeed8db5d,https://open.spotify.com/artist/6xBZgSMsnKVmaAxzWEwMSD
Flipsyde,82757,53,['oakland hip hop'],https://i.scdn.co/image/834fc9af720fd7d1a72fc921d171b6ef324d51c0,https://open.spotify.com/artist/6S9rh06VCCIYEvYMFnVMVN
Dead By Sunrise,86525,47,"['alternative metal', 'electronic rock', 'nu metal', 'rap rock']",https://i.scdn.co/image/6ce44c23527d44baee76a7f4afa9df4dbe51e9d3,https://open.spotify.com/artist/502ZZTWlqgS1Ht62ewubEJ
Hollywood Undead,1799095,76,"['alternative metal', 'nu metal', 'pop punk', 'rap metal', 'rap rock']",https://i.scdn.co/image/ada364028a6d47b5e9e63b32da49e55a2a235bd1,https://open.spotify.com/artist/0CEFCo8288kQU7mJi25s6E
Flobots,146575,52,"['comic', 'conscious hip hop']",https://i.scdn.co/image/fcb48eff68d3b603fa5615a0e65743952f1eb25c,https://open.spotify.com/artist/0rHiOzaAbw3cCp8D7yjyig
Gym Class Heroes,1137516,71,"['dance pop', 'pop', 'pop punk', 'pop rap']",https://i.scdn.co/image/b48b43e4994b053e363af5b858ef542db79f96e7,https://open.spotify.com/artist/4IJczjB0fJ04gs4uvP0Fli
Styles Of Beyond,37211,66,"['cali rap', 'rap rock']",https://i.scdn.co/image/ab67616d00001e0214c44f63930e1664176b078e,https://open.spotify.com/artist/5bf6yYgHODBW5EreBZshpX
Hoobastank,1591723,69,"['alternative metal', 'funk metal', 'nu metal', 'pop punk', 'pop rock', 'post-grunge']",https://i.scdn.co/image/b7dc5f85b8289cceae9778f34ea4a198d54584a8,https://open.spotify.com/artist/2MqhkhX4npxDZ62ObR5ELO
Chester Bennington,92174,49,['electronic rock'],https://i.scdn.co/image/969dec3cae405d6a6a7f1a8c8704c917fb8f11c9,https://open.spotify.com/artist/4P0eS4QK9qeUhqrapGsJKS
P.O.D.,1337223,67,"['alternative metal', 'funk metal', 'nu metal', 'rap metal', 'rap rock']",https://i.scdn.co/image/3ae3e2817a2aa21778044427e2be73f299d58ec5,https://open.spotify.com/artist/6KO6G41BBLTDNYOLefWTMU
Papa Roach,3476066,76,"['alternative metal', 'nu metal', 'pop punk', 'rap metal', 'rap rock']",https://i.scdn.co/image/05649dc80ce0b4768f2dd8200dc3b99d145906e9,https://open.spotify.com/artist/4RddZ3iHvSpGV4dvATac9X
Sick Puppies,643595,62,"['alternative metal', 'christian rock', 'nu metal', 'pop punk', 'post-grunge', 'rap rock']",https://i.scdn.co/image/ed24fdab4b98a2631b3feaaff2acb4840941b4f6,https://open.spotify.com/artist/7qAcXJgt1PWnxwUgxMdyuk
Kevin Rudolf,112029,58,"['dance pop', 'pop rap']",https://i.scdn.co/image/44a32fffbafc5e559264681214f4e886cce7a1d0,https://open.spotify.com/artist/0Chxmm4XMM87mJOHvyiUzL
Deuce,184224,54,['rap rock'],https://i.scdn.co/image/e0129f2bfe1bce9a1490ad3e256672cd752e9080,https://open.spotify.com/artist/2iLpvtffIrQ4bMYrFPRN4x
Spose,61439,49,"['comic', 'indie pop rap', 'maine hip hop', 'pop rap']",https://i.scdn.co/image/3e331c28f51cf61d067161f1b8b0cf03b513a59f,https://open.spotify.com/artist/3tM6SwRysCaIK0kW4h0mVP
Trapt,776702,64,"['alternative metal', 'nu metal', 'post-grunge', 'rap rock']",https://i.scdn.co/image/c84ccecfac427571061b8222ef52b15f1f92a943,https://open.spotify.com/artist/1UdQqCUR7RwB9YYJONwbdM
Egypt Central,195481,58,"['alternative metal', 'christian rock', 'gymcore', 'nu metal', 'post-grunge', 'post-screamo', 'rap rock']",https://i.scdn.co/image/c65915cd4b035eeb6e758423a52a7f1388f0d85f,https://open.spotify.com/artist/1d5wNTZ8WZYE5WuXXjug9w
Thousand Foot Krutch,883342,70,"['alternative metal', 'canadian ccm', 'canadian metal', 'canadian rock', 'christian alternative rock', 'christian rock', 'nu metal', 'rap metal']",https://i.scdn.co/image/d895c6eceba3ee8f0c40f9c2c390c26a96f7f5d8,https://open.spotify.com/artist/6GfiCQDFYANz5wUkSmb3Dr
Albert Hammond Jr,167425,54,"['dance-punk', 'garage rock', 'indie pop', 'indie rock', 'modern rock', 'punk blues', 'rock']",https://i.scdn.co/image/96edba3247bf7cd5ecb4ac4fc7b00cc5f51c7db1,https://open.spotify.com/artist/1Li0eIWeMeWcOOWpImcG9H
Julian Casablancas,347094,64,"['indie rock', 'modern rock']",https://i.scdn.co/image/2af33bb80aa4ec4790cfdef9464fbffd9495dd61,https://open.spotify.com/artist/1rAv1GhTQ2rmG94p9lU3rB
The Hives,553571,63,"['alternative rock', 'dance-punk', 'garage rock', 'garage rock revival', 'modern rock', 'new rave', 'rock', 'swedish garage rock', 'swedish hard rock', 'swedish indie rock']",https://i.scdn.co/image/9a4360ff85fecae18479641e3592f3d1ea53970c,https://open.spotify.com/artist/4DToQR3aKrHQSSRzSz8Nzt
MGMT,1940059,78,"['alternative dance', 'indie pop', 'indie rock', 'indietronica', 'modern rock', 'rock']",https://i.scdn.co/image/28ff19618ece117a1897d8e9298e8840a645a2a1,https://open.spotify.com/artist/0SwO7SWeDHJijQ3XNS7xEE
The Vines,244612,53,"['alternative rock', 'dance-punk', 'garage rock', 'modern rock', 'punk blues', 'rock']",https://i.scdn.co/image/93692260de01cdb9ec7c27a4ea6158b50763ce5c,https://open.spotify.com/artist/7vkiEK5D7Gf0z4M1Va0CXD
Bloc Party,881112,65,"['alternative dance', 'alternative rock', 'dance-punk', 'indie pop', 'indie rock', 'modern rock', 'new rave', 'rock']",https://i.scdn.co/image/69be03a3e746b4330e1e922e00e7ed4538851073,https://open.spotify.com/artist/3MM8mtgFzaEJsqbjZBSsHJ
The Raconteurs,686632,64,"['alternative rock', 'garage rock', 'garage rock revival', 'indie rock', 'modern alternative rock', 'modern blues rock', 'modern rock', 'rock', 'supergroup']",https://i.scdn.co/image/0b13560782a142b432ef86ef48775a2e84140124,https://open.spotify.com/artist/4wo1267SJuUfHgasdlfNfc
Arcade Fire,1828085,72,"['alternative dance', 'alternative rock', 'baroque pop', 'canadian indie', 'dance-punk', 'indie pop', 'indie rock', 'modern rock', 'new rave', 'permanent wave', 'quebec indie', 'rock']",https://i.scdn.co/image/736a9a01d063d6d2cfa01db41dfec9bc6da58d8f,https://open.spotify.com/artist/3kjuyTCjPG1WMFCiyc5IuB
Phoenix,1624801,69,"['alternative dance', 'dance-punk', 'indie pop', 'indie rock', 'modern rock', 'new rave', 'rock independant francais']",https://i.scdn.co/image/8fa8973bec63f13d4f216bc3b95b7192cb914ed0,https://open.spotify.com/artist/1xU878Z1QtBldR7ru9owdU
The Pigeon Detectives,151415,51,"['british indie rock', 'dance-punk', 'indie rock', 'leeds indie', 'modern rock', 'new rave', 'rock']",https://i.scdn.co/image/1a7b2571007cc631cbf88ab3609dbc4a78b49f56,https://open.spotify.com/artist/7FPkZue0zzjHaOPJb4WCw3
The Enemy,104989,48,"['british indie rock', 'britpop', 'coventry indie', 'modern rock', 'new rave', 'rock']",https://i.scdn.co/image/ab67616d00001e02f82acb0f04905abf41bc044f,https://open.spotify.com/artist/01ZP85CNi7Y9t1e0one46k
The Hoosiers,139923,54,['modern rock'],https://i.scdn.co/image/ae85d66bfaf47a2e9281ca1728c89b8247fc7645,https://open.spotify.com/artist/4LlDtNr8qFwhrT8eL2wzH4
Hard-FI,135847,52,"['britpop', 'dance-punk', 'modern rock', 'new rave', 'rock']",https://i.scdn.co/image/782b80c3d29bd17f16f1b09d2064171ee13bd783,https://open.spotify.com/artist/14Gi3Uph96lpNB3utkoVAD
Dirty Pretty Things,104227,45,['modern rock'],https://i.scdn.co/image/09a65424da335c63006978c4757caccafe7cb923,https://open.spotify.com/artist/6fHETUBbKmdmgybtFOFQuc
Maximo Park,189400,56,"['britpop', 'dance-punk', 'indie rock', 'modern rock', 'new rave', 'newcastle indie', 'rock']",https://i.scdn.co/image/e415a3644896af431f1a91b784e1c0dc300ac282,https://open.spotify.com/artist/048FBwXjFYBWxSggPDipic
We Are Scientists,185223,49,"['alternative dance', 'dance-punk', 'indie rock', 'modern rock', 'new rave']",https://i.scdn.co/image/4cb46e18dad79bb204256ef62f6df79a85c434f7,https://open.spotify.com/artist/35YNL4wwv11ZkmeWWL51y7
The Zutons,96924,48,['english indie rock'],https://i.scdn.co/image/e00ecd49f9c0db7f69087c2a11233cb7d394c4a4,https://open.spotify.com/artist/2qV7axHq9Jk7QqFcB3f05A
Editors,568245,62,"['alternative dance', 'dance-punk', 'indie rock', 'modern rock', 'new rave', 'rock']",https://i.scdn.co/image/29d77c20d9260729012df55b8b2028ffb2928d56,https://open.spotify.com/artist/6e9wIFWhBPHLE9bXK8gtBI
The Subways,167297,53,"['dance-punk', 'garage rock', 'garage rock revival', 'modern rock', 'new rave']",https://i.scdn.co/image/4cd4cc7859f3b3d6d7d51ba0eb048f68a8d20f1c,https://open.spotify.com/artist/4BntNFyiN3VGG4hhRRZt9d
The View,112111,51,"['british indie rock', 'britpop', 'celtic rock', 'dundee indie', 'modern rock', 'scottish indie rock', 'scottish rock']",https://i.scdn.co/image/c313324526be1c437aa46e353b1e8d12f9420f01,https://open.spotify.com/artist/1fy3AQc7grjf5LnCd7snSg
The Coral,184840,58,"['britpop', 'modern rock', 'pop rock', 'rock']",https://i.scdn.co/image/e46dcca706e6351389b488c8487928f5e260eb4a,https://open.spotify.com/artist/6OiHleP2bHM18dXq4aZQWt
Babyshambles,219673,50,"['britpop', 'garage rock', 'modern rock', 'new rave', 'rock']",https://i.scdn.co/image/ab6772690000dd22a38680140c3149fcdb305d1b,https://open.spotify.com/artist/0IBAqjHG8DSaD7PPCGnGiZ
Noel Gallagher's High Flying Birds,660377,62,"['britpop', 'modern rock', 'rock']",https://i.scdn.co/image/2ce963e315c4007c80b535a1250bca69fc3084a1,https://open.spotify.com/artist/7sjttK1WcZeyLPn3IsQ62L
Beady Eye,147533,43,['britpop'],https://i.scdn.co/image/eaef3a3cc549e2ec90d982bf5fcbf3b62894b21d,https://open.spotify.com/artist/5yBDILLJyNFAjFpECkk7ys
White Lies,376416,60,"['alternative dance', 'dance-punk', 'indie rock', 'modern rock', 'new rave', 'rock']",https://i.scdn.co/image/737bd3ab1f6746a3d657d0c93366ef909eb8ab51,https://open.spotify.com/artist/6ssXMmc5EOUrauZxirM910
Mystery Jets,135957,52,"['alternative dance', 'british indie rock', 'dance-punk', 'indie rock', 'modern alternative rock', 'modern rock', 'new rave']",https://i.scdn.co/image/f3fdf5407128076f753c11b686009d7959bbe91e,https://open.spotify.com/artist/09K1H1DgyIXHsMx2j7KTFX
The Maccabees,314866,57,"['alternative dance', 'british indie rock', 'dance-punk', 'indie rock', 'modern rock', 'new rave', 'rock']",https://i.scdn.co/image/b66559958b04de036769c528e4910b876a29d939,https://open.spotify.com/artist/0vW8z9pZMGCcRtGPGtyqiB
The Cribs,152604,52,"['alternative dance', 'british indie rock', 'britpop', 'dance-punk', 'garage rock', 'indie rock', 'modern alternative rock', 'modern rock', 'new rave', 'rock', 'west yorkshire indie']",https://i.scdn.co/image/6c0203361309dfcf583e86fad6707627ce0553e8,https://open.spotify.com/artist/51Eq6WMVEOjjx9KQMAnneG
Bombay Bicycle Club,735298,66,"['alternative dance', 'british indie rock', 'indie pop', 'indie rock', 'modern alternative rock', 'modern rock', 'new rave', 'rock']",https://i.scdn.co/image/903b7582027e97fb4f0e169334b7342b8e92036d,https://open.spotify.com/artist/3pTE9iaJTkWns3mxpNQlJV
Spector,39118,42,"['english indie rock', 'shimmer pop']",https://i.scdn.co/image/8f68679fec3663eba249a578035d0459787813d0,https://open.spotify.com/artist/34nBPbcVc9F9eizQC4a5aT
Sundara Karma,160775,57,"['english indie rock', 'indie pop', 'modern alternative rock', 'modern rock', 'reading indie', 'rock']",https://i.scdn.co/image/95cf7211cdbcf7465cccb044e65738758033880c,https://open.spotify.com/artist/4fgXfJCQnK6c44u4KzAtQP
The Rifles,55609,40,"['british indie rock', 'britpop', 'indie rock', 'modern rock']",https://i.scdn.co/image/8926d6e31a7e4e55d6f68562e64cbcc2d5cf47a3,https://open.spotify.com/artist/3Sr1muUE6DYihFufoHpnfc
Viola Beach,100012,51,"['english indie rock', 'modern rock', 'rock', 'warrington indie']",https://i.scdn.co/image/922adfb24fe71a7296a55521c05063ad88ede26f,https://open.spotify.com/artist/7DruTvBV7owt1aSAZHsU58
Peter Doherty,122166,43,['british alternative rock'],https://i.scdn.co/image/c92303701726b37c8af5c0282f95bdc271651975,https://open.spotify.com/artist/0ikiOZC4SDG6OrgHLESydg
Milburn,32627,38,"['british indie rock', 'sheffield indie']",https://i.scdn.co/image/f62ef396ff3bfdc4e3b2ed4168b0eefd68895b5a,https://open.spotify.com/artist/1KlihEB7FggW8e9cMbPXAz
The Rakes,38703,39,"['alternative dance', 'british indie rock', 'dance-punk', 'indie rock', 'new rave']",https://i.scdn.co/image/9913509b4242c395dd52da2c2c4f5be60c4616c1,https://open.spotify.com/artist/7mDQwcnDUGuSoggxbUtVc1
Good Shoes,25030,33,"['alternative dance', 'british indie rock', 'dance-punk', 'new rave']",https://i.scdn.co/image/e3192c2781fcbf3ebb29e7419b50200ea58352c7,https://open.spotify.com/artist/1SBU4DvQapOFCnxMzENUkp
The Futureheads,73945,47,"['alternative dance', 'british indie rock', 'dance-punk', 'indie rock', 'modern rock', 'new rave', 'north east england indie']",https://i.scdn.co/image/ea9dac093347d4280e86fee1230af703b19c5193,https://open.spotify.com/artist/3TBfn8PtXr42OrTPaoC3E8
Jack Peñate,44856,44,['new rave'],https://i.scdn.co/image/ec8a3bd202cda7894c7f925091ea535d048fa7af,https://open.spotify.com/artist/1VyVjE6tvQiM8T8a3WcYQd
Little Comets,76937,44,['british indie rock'],https://i.scdn.co/image/05a840b550ac4c1ed56253ad7fef1a8bfc3abf0a,https://open.spotify.com/artist/7cfhZmKaLWzNLwHDxzugUH
Young Knives,17099,33,"['british indie rock', 'dance-punk', 'new rave', 'oxford indie']",https://i.scdn.co/image/7398ef6bec97a1a68294a82cbf9819db2b9114c8,https://open.spotify.com/artist/4kYNTq3njMHBcnv8Di0v0Y
Everything Everything,216285,59,"['alternative dance', 'dance-punk', 'experimental pop', 'indie rock', 'modern alternative rock', 'modern rock', 'new rave', 'shimmer pop']",https://i.scdn.co/image/19a9080370196a21848930bf867dc098a80c3685,https://open.spotify.com/artist/1HOeqtP7tHkKNJNLzQ2tnr
Stixoima,10314,36,['greek hip hop'],https://i.scdn.co/image/ab67616d00001e021eb1c1b45037ee9c8346d7b2,https://open.spotify.com/artist/5RbSA2rN3Z1OChfNSZ8Jqz
Novel 729,18669,41,['greek underground rap'],https://i.scdn.co/image/6695770a0c0a08d35f3d2521db52dee369cc4e14,https://open.spotify.com/artist/4664bpPyFIkTMQGUVnqeAo
Zoro&Buzz,10163,42,['greek underground rap'],https://i.scdn.co/image/ab67616d00001e0282768965ad587f1f733a5802,https://open.spotify.com/artist/1lqh5puCZTMsGJalV8Rjbe
Βέβηλος,2562,36,['greek underground rap'],https://i.scdn.co/image/5eed89278efba6f473f00aabde67664b8c888863,https://open.spotify.com/artist/2paECBjEu5OjvT6tr5KQiL
Tzamal,28201,41,"['greek hip hop', 'greek underground rap']",https://i.scdn.co/image/4fe10ab3475bedbb002a3fb3e2907f3bfdd26932,https://open.spotify.com/artist/3f3h06ii1hc3dmFiuLNAQq
Mikros Kleftis,24529,44,"['greek hip hop', 'greek underground rap']",https://i.scdn.co/image/b3807cb871ea5fe0d25635866d9bb00bb2ddba3d,https://open.spotify.com/artist/1WNkrtDTdQ5izZf5L372i9
TAF LATHOS,7775,34,['greek underground rap'],https://i.scdn.co/image/2dce1bcd35f156f990d6fd1eb285a6731edbd5b5,https://open.spotify.com/artist/5sMTmnLClGnDFZm4c1yjCP
12os Pithikos,47049,40,"['greek hip hop', 'greek trap', 'greek underground rap']",https://i.scdn.co/image/ab67616d00001e0277838e0f1d0427b22b4b520f,https://open.spotify.com/artist/6YZmV2xFddssAVfrSu1sfI
Iratus,35012,40,"['greek hip hop', 'greek underground rap']",https://i.scdn.co/image/8fd81fba2ab75b6f4655896a2e6918032896c5a7,https://open.spotify.com/artist/6qauoV5X1im8m97xLsqZh5
Kanon,17678,36,"['greek hip hop', 'greek underground rap']",https://i.scdn.co/image/7c39f435bb6bbe1513785fa21126e0dc01e3aa16,https://open.spotify.com/artist/1ssOY5fx4efqZ0RXZ4M3PJ
Tsaki,20671,46,"['greek hip hop', 'greek trap']",https://i.scdn.co/image/63de6bc64fe2bdcd172518bf5a423d95ee4b661c,https://open.spotify.com/artist/2S6IpjPbMmKLJMhUJCIFMB
Fer de Lance,2380,27,['greek underground rap'],https://i.scdn.co/image/ab67616d00001e02058f6cd6f0f3e942add27c46,https://open.spotify.com/artist/5PYdmvWY1gtKiCvmJ4tgYW
Asto Pasam,1019,32,['greek underground rap'],https://i.scdn.co/image/6ab7438cb4a11dcf2550fcc8ebd2b38554c6a322,https://open.spotify.com/artist/6Bw1EqCw7PUlJVy3CCAgCk
Thitis,24471,40,"['greek hip hop', 'greek underground rap']",https://i.scdn.co/image/2cebd9a1f5771f04d70a266a64c869fe611a4baa,https://open.spotify.com/artist/2JQCG349xGvlhwEkK4qWoz
Logos Timis,68850,49,"['greek hip hop', 'greek underground rap']",https://i.scdn.co/image/4f6d752c5c4559388e32418b874f67dc1bc01228,https://open.spotify.com/artist/1s3DdqnSPErYk7xQkRFZ0s
Eisvoleas,14421,38,['greek hip hop'],https://i.scdn.co/image/ab67616d00001e022ca256e2def800d7392bfadc,https://open.spotify.com/artist/0qLu7eoKaRxK7MrwMCqFF1
Dof Twogee,9224,51,['greek hip hop'],https://i.scdn.co/image/176c0a7fef304893bc2d04c7c0b62bd55f65371f,https://open.spotify.com/artist/1OJxI4NQfY6osMvhfRMMEX
Ethismos,1920,38,['greek underground rap'],https://i.scdn.co/image/849077dc3f05a34397ba6d3c421f1930e9282c47,https://open.spotify.com/artist/3us9fVKGxelK4OfEMng997
Κako,13597,35,"['greek hip hop', 'greek underground rap']",https://i.scdn.co/image/ab67616d00001e022e7a9b57cf9c08e479e58229,https://open.spotify.com/artist/4Dsd6cAcZNwLHc3Gjg59vO
Sadam,14549,43,"['greek trap', 'greek underground rap']",https://i.scdn.co/image/ab67616d00001e024ee81ee5b66ea3da9a78ca31,https://open.spotify.com/artist/5svarA8QyRUWetgH9ZouQq
